user_id,sign_up_date,plan_type,ab_test_group
1,2024-02-10,Paid,A
2,2024-01-18,Free,A
3,2024-02-17,Free,A
4,2024-02-27,Free,A
5,2024-01-03,Free,A
6,2024-01-15,Free,A
7,2024-02-15,Free,B
8,2024-02-07,Free,B
9,2024-01-01,Free,A
10,2024-01-22,Free,B
11,2024-02-18,Free,B
12,2024-01-25,Free,A
13,2024-01-23,Free,B
14,2024-02-16,Free,B
15,2024-02-29,Free,B
16,2024-01-19,Free,B
17,2024-02-15,Paid,A
18,2024-01-15,Free,B
19,2024-02-24,Free,A
20,2024-01-25,Free,B
21,2024-02-23,Free,B
22,2024-01-23,Free,A
23,2024-02-14,Free,A
24,2024-01-11,Free,A
25,2024-01-25,Free,B
26,2024-02-10,Free,A
27,2024-02-23,Free,A
28,2024-01-03,Free,B
29,2024-01-05,Free,A
30,2024-02-06,Free,B
31,2024-02-01,Free,B
32,2024-02-11,Free,B
33,2024-01-09,Free,A
34,2024-02-04,Free,B
35,2024-01-28,Free,B
36,2024-01-09,Free,B
37,2024-01-04,Free,A
38,2024-01-11,Free,B
39,2024-01-25,Free,B
40,2024-01-30,Free,B
41,2024-02-25,Free,A
42,2024-01-08,Free,B
43,2024-01-22,Free,A
44,2024-01-11,Paid,B
45,2024-02-16,Free,B
46,2024-02-18,Free,A
47,2024-01-07,Free,B
48,2024-02-02,Free,A
49,2024-02-18,Free,A
50,2024-02-19,Free,A
51,2024-02-01,Free,A
52,2024-01-24,Free,B
53,2024-01-16,Free,A
54,2024-02-01,Free,A
55,2024-02-04,Free,A
56,2024-01-31,Free,A
57,2024-02-25,Free,B
58,2024-02-29,Free,A
59,2024-01-26,Free,B
60,2024-02-03,Free,B
61,2024-01-15,Free,A
62,2024-02-07,Free,A
63,2024-01-01,Free,A
64,2024-01-04,Free,A
65,2024-01-03,Free,B
66,2024-01-16,Free,B
67,2024-01-14,Free,A
68,2024-02-26,Free,B
69,2024-01-31,Free,B
70,2024-01-07,Free,B
71,2024-01-27,Free,B
72,2024-01-04,Free,A
73,2024-02-16,Free,B
74,2024-01-07,Free,A
75,2024-02-04,Free,B
76,2024-01-12,Free,B
77,2024-02-25,Free,A
78,2024-02-25,Free,A
79,2024-02-04,Free,A
80,2024-02-29,Free,A
81,2024-02-01,Free,B
82,2024-01-26,Free,A
83,2024-01-01,Free,B
84,2024-02-20,Free,B
85,2024-02-14,Free,B
86,2024-01-19,Free,A
87,2024-02-07,Free,A
88,2024-01-04,Free,A
89,2024-02-02,Free,A
90,2024-02-02,Free,A
91,2024-01-05,Free,A
92,2024-01-16,Free,B
93,2024-02-26,Free,A
94,2024-01-03,Free,A
95,2024-02-07,Free,B
96,2024-01-14,Free,B
97,2024-01-26,Free,A
98,2024-01-20,Free,B
99,2024-02-18,Paid,A
100,2024-02-09,Free,A
101,2024-01-14,Free,B
102,2024-01-23,Free,A
103,2024-01-24,Free,B
104,2024-02-23,Free,B
105,2024-02-21,Free,A
106,2024-02-05,Free,B
107,2024-01-07,Free,A
108,2024-02-26,Free,A
109,2024-01-10,Free,B
110,2024-01-14,Free,B
111,2024-02-10,Free,B
112,2024-01-17,Free,A
113,2024-01-28,Paid,B
114,2024-01-22,Free,A
115,2024-01-17,Free,A
116,2024-02-05,Free,B
117,2024-01-08,Free,A
118,2024-02-14,Free,A
119,2024-02-23,Free,B
120,2024-01-10,Free,B
121,2024-01-20,Free,B
122,2024-02-20,Free,A
123,2024-01-14,Free,A
124,2024-01-23,Free,B
125,2024-02-17,Free,A
126,2024-01-16,Free,A
127,2024-02-21,Free,A
128,2024-01-02,Free,A
129,2024-01-22,Free,B
130,2024-02-25,Free,A
131,2024-02-20,Free,A
132,2024-01-03,Free,B
133,2024-02-22,Free,B
134,2024-02-22,Free,A
135,2024-02-12,Free,A
136,2024-01-18,Free,A
137,2024-01-18,Free,B
138,2024-01-26,Free,B
139,2024-01-08,Free,B
140,2024-01-17,Free,A
141,2024-01-28,Free,B
142,2024-01-21,Free,B
143,2024-02-02,Free,A
144,2024-02-06,Free,A
145,2024-02-15,Paid,B
146,2024-02-29,Free,A
147,2024-01-05,Free,B
148,2024-02-12,Free,A
149,2024-01-20,Free,B
150,2024-01-21,Free,B
151,2024-02-05,Free,A
152,2024-02-12,Free,B
153,2024-02-27,Free,A
154,2024-01-20,Free,B
155,2024-01-01,Free,B
156,2024-01-28,Free,B
157,2024-01-29,Free,A
158,2024-02-20,Free,A
159,2024-01-19,Free,B
160,2024-02-18,Free,A
161,2024-01-15,Free,A
162,2024-01-03,Free,A
163,2024-02-09,Free,A
164,2024-02-26,Free,A
165,2024-01-25,Free,B
166,2024-01-10,Free,A
167,2024-02-25,Free,A
168,2024-01-15,Free,A
169,2024-02-14,Free,B
170,2024-01-16,Free,A
171,2024-02-21,Free,B
172,2024-02-05,Free,B
173,2024-02-27,Free,B
174,2024-02-16,Free,B
175,2024-02-05,Free,B
176,2024-02-17,Free,B
177,2024-02-18,Free,A
178,2024-01-18,Free,B
179,2024-01-18,Free,B
180,2024-01-19,Free,A
181,2024-01-21,Free,A
182,2024-01-15,Free,B
183,2024-02-15,Free,A
184,2024-01-27,Free,B
185,2024-01-27,Free,A
186,2024-01-27,Free,B
187,2024-02-07,Free,A
188,2024-02-18,Free,B
189,2024-01-23,Free,B
190,2024-02-24,Free,B
191,2024-02-17,Free,A
192,2024-01-18,Free,B
193,2024-01-25,Free,B
194,2024-02-21,Free,B
195,2024-02-23,Free,B
196,2024-02-09,Free,A
197,2024-02-07,Free,A
198,2024-01-28,Free,A
199,2024-01-12,Free,A
200,2024-01-21,Free,A
201,2024-01-22,Free,B
202,2024-02-23,Free,B
203,2024-01-06,Paid,B
204,2024-02-04,Free,A
205,2024-01-23,Free,A
206,2024-02-19,Free,A
207,2024-01-16,Free,A
208,2024-02-09,Free,A
209,2024-01-31,Free,A
210,2024-01-14,Free,B
211,2024-02-19,Free,B
212,2024-02-08,Free,A
213,2024-01-11,Free,B
214,2024-01-02,Free,B
215,2024-02-28,Free,B
216,2024-02-15,Free,A
217,2024-02-14,Free,A
218,2024-02-19,Free,B
219,2024-02-08,Free,A
220,2024-02-06,Free,A
221,2024-01-28,Free,B
222,2024-02-11,Paid,B
223,2024-01-27,Free,B
224,2024-01-24,Free,B
225,2024-01-28,Free,A
226,2024-02-11,Free,B
227,2024-02-28,Free,B
228,2024-02-22,Free,B
229,2024-01-16,Free,A
230,2024-01-29,Free,A
231,2024-02-06,Free,B
232,2024-02-01,Free,B
233,2024-01-14,Free,B
234,2024-01-22,Free,B
235,2024-02-14,Free,B
236,2024-02-03,Free,A
237,2024-02-16,Free,B
238,2024-02-18,Free,A
239,2024-02-11,Free,B
240,2024-01-02,Free,A
241,2024-01-26,Free,A
242,2024-02-07,Free,B
243,2024-02-03,Free,B
244,2024-02-17,Free,B
245,2024-01-30,Free,B
246,2024-01-15,Free,A
247,2024-01-21,Free,A
248,2024-02-18,Free,A
249,2024-02-17,Free,B
250,2024-02-07,Free,B
251,2024-02-23,Free,A
252,2024-01-24,Free,A
253,2024-02-15,Free,A
254,2024-01-04,Free,B
255,2024-01-09,Free,B
256,2024-01-01,Free,B
257,2024-01-29,Free,B
258,2024-01-04,Free,B
259,2024-01-31,Free,A
260,2024-01-26,Free,B
261,2024-02-10,Free,A
262,2024-02-21,Free,B
263,2024-01-16,Free,A
264,2024-01-27,Free,A
265,2024-01-25,Free,B
266,2024-01-20,Free,B
267,2024-02-09,Free,A
268,2024-02-17,Free,A
269,2024-01-14,Free,A
270,2024-01-06,Free,A
271,2024-02-05,Free,A
272,2024-01-27,Free,B
273,2024-01-31,Paid,B
274,2024-01-19,Free,B
275,2024-01-30,Free,A
276,2024-02-29,Free,B
277,2024-02-10,Free,A
278,2024-02-04,Free,A
279,2024-02-28,Free,B
280,2024-01-05,Free,A
281,2024-01-20,Free,B
282,2024-01-30,Free,B
283,2024-01-18,Free,B
284,2024-02-08,Free,A
285,2024-02-17,Free,B
286,2024-01-02,Free,A
287,2024-02-13,Free,A
288,2024-02-13,Free,B
289,2024-02-18,Free,A
290,2024-02-11,Free,B
291,2024-01-12,Free,B
292,2024-02-01,Free,A
293,2024-01-27,Free,B
294,2024-01-07,Free,A
295,2024-02-14,Free,B
296,2024-01-26,Free,A
297,2024-01-21,Free,B
298,2024-02-19,Free,B
299,2024-02-22,Free,A
300,2024-02-04,Free,B
301,2024-01-13,Free,B
302,2024-02-01,Free,B
303,2024-01-14,Free,B
304,2024-02-29,Free,B
305,2024-02-14,Free,B
306,2024-02-10,Free,A
307,2024-01-20,Free,A
308,2024-01-06,Free,A
309,2024-02-28,Free,A
310,2024-01-08,Free,A
311,2024-02-15,Free,B
312,2024-01-18,Free,B
313,2024-01-31,Free,A
314,2024-01-10,Free,B
315,2024-02-08,Free,A
316,2024-01-18,Free,B
317,2024-02-20,Free,B
318,2024-01-19,Free,B
319,2024-02-07,Free,B
320,2024-01-29,Free,B
321,2024-02-05,Free,B
322,2024-01-21,Free,A
323,2024-01-16,Free,B
324,2024-02-19,Paid,B
325,2024-02-17,Free,B
326,2024-02-21,Free,B
327,2024-02-12,Free,A
328,2024-01-03,Free,A
329,2024-02-07,Free,B
330,2024-02-25,Free,B
331,2024-02-28,Paid,B
332,2024-01-10,Free,B
333,2024-01-10,Free,A
334,2024-01-17,Free,B
335,2024-01-26,Free,A
336,2024-02-24,Free,B
337,2024-02-10,Free,B
338,2024-01-03,Free,A
339,2024-02-13,Free,B
340,2024-02-17,Free,A
341,2024-01-07,Free,A
342,2024-02-14,Free,B
343,2024-01-03,Free,B
344,2024-01-19,Free,B
345,2024-01-10,Free,A
346,2024-02-06,Free,A
347,2024-01-06,Free,B
348,2024-01-16,Free,B
349,2024-01-10,Free,A
350,2024-01-17,Free,B
351,2024-01-01,Free,B
352,2024-02-13,Free,A
353,2024-01-23,Free,B
354,2024-01-28,Free,B
355,2024-01-20,Free,A
356,2024-02-24,Free,B
357,2024-01-25,Free,B
358,2024-02-14,Paid,B
359,2024-02-23,Free,B
360,2024-02-06,Free,A
361,2024-02-17,Free,B
362,2024-02-27,Free,B
363,2024-01-15,Free,B
364,2024-01-13,Free,B
365,2024-02-16,Free,A
366,2024-02-27,Free,A
367,2024-01-29,Free,A
368,2024-02-16,Free,A
369,2024-01-19,Free,B
370,2024-01-12,Free,A
371,2024-02-04,Free,B
372,2024-02-28,Free,B
373,2024-01-17,Free,B
374,2024-01-19,Free,B
375,2024-01-30,Free,A
376,2024-01-15,Free,B
377,2024-02-21,Free,B
378,2024-01-26,Free,A
379,2024-01-08,Free,B
380,2024-02-17,Free,B
381,2024-02-22,Free,B
382,2024-01-15,Paid,B
383,2024-02-26,Free,B
384,2024-01-15,Free,A
385,2024-01-30,Free,B
386,2024-01-08,Paid,A
387,2024-01-03,Free,B
388,2024-01-08,Free,A
389,2024-02-04,Free,A
390,2024-01-24,Free,B
391,2024-02-16,Free,A
392,2024-02-11,Free,A
393,2024-02-09,Free,B
394,2024-01-18,Free,A
395,2024-01-14,Free,B
396,2024-01-16,Free,B
397,2024-02-13,Free,B
398,2024-02-11,Free,B
399,2024-01-18,Free,A
400,2024-02-24,Free,B
401,2024-01-14,Free,A
402,2024-01-22,Free,A
403,2024-02-20,Free,A
404,2024-02-18,Free,A
405,2024-02-22,Free,A
406,2024-01-10,Free,A
407,2024-01-10,Free,A
408,2024-02-21,Free,A
409,2024-02-25,Free,A
410,2024-01-23,Free,A
411,2024-01-02,Free,A
412,2024-01-09,Free,B
413,2024-02-17,Free,A
414,2024-02-19,Free,B
415,2024-01-07,Free,B
416,2024-02-09,Free,A
417,2024-02-28,Free,B
418,2024-01-02,Free,A
419,2024-02-24,Free,B
420,2024-01-07,Free,B
421,2024-01-29,Free,A
422,2024-01-21,Free,A
423,2024-01-18,Free,B
424,2024-02-08,Free,B
425,2024-02-08,Free,B
426,2024-02-14,Free,A
427,2024-02-11,Free,A
428,2024-02-26,Free,A
429,2024-02-22,Free,B
430,2024-02-16,Free,A
431,2024-01-21,Free,B
432,2024-01-10,Free,B
433,2024-02-23,Free,A
434,2024-01-07,Free,B
435,2024-02-05,Free,A
436,2024-02-05,Free,B
437,2024-01-27,Free,B
438,2024-02-18,Free,B
439,2024-02-16,Free,A
440,2024-02-08,Free,B
441,2024-02-06,Free,A
442,2024-01-31,Free,A
443,2024-01-23,Free,B
444,2024-01-18,Free,A
445,2024-02-24,Free,A
446,2024-02-12,Paid,B
447,2024-01-18,Free,B
448,2024-01-23,Free,A
449,2024-01-10,Free,B
450,2024-02-17,Free,A
451,2024-02-03,Free,A
452,2024-01-30,Free,B
453,2024-01-20,Free,B
454,2024-02-06,Free,A
455,2024-01-10,Free,A
456,2024-01-04,Free,A
457,2024-02-12,Free,B
458,2024-01-29,Free,B
459,2024-02-18,Free,A
460,2024-01-08,Free,B
461,2024-02-07,Free,B
462,2024-01-20,Free,A
463,2024-02-08,Paid,A
464,2024-01-20,Free,A
465,2024-02-18,Free,B
466,2024-01-08,Free,A
467,2024-01-28,Free,A
468,2024-02-04,Free,A
469,2024-02-23,Free,B
470,2024-02-25,Free,A
471,2024-01-30,Free,A
472,2024-02-06,Free,B
473,2024-02-15,Free,B
474,2024-01-26,Free,A
475,2024-01-11,Free,B
476,2024-02-28,Free,B
477,2024-02-24,Free,A
478,2024-02-07,Free,B
479,2024-01-26,Free,B
480,2024-01-15,Free,B
481,2024-01-05,Free,A
482,2024-01-13,Free,B
483,2024-02-22,Free,A
484,2024-01-10,Free,B
485,2024-02-08,Free,A
486,2024-02-11,Free,A
487,2024-02-19,Free,B
488,2024-02-06,Free,B
489,2024-02-26,Free,B
490,2024-02-10,Free,B
491,2024-01-05,Free,B
492,2024-01-20,Free,B
493,2024-01-23,Free,A
494,2024-01-29,Free,A
495,2024-02-23,Free,B
496,2024-02-25,Free,A
497,2024-02-02,Free,B
498,2024-02-05,Free,A
499,2024-02-21,Free,A
500,2024-01-31,Free,A
501,2024-01-29,Free,A
502,2024-02-23,Free,B
503,2024-01-06,Paid,A
504,2024-02-15,Free,B
505,2024-02-03,Free,A
506,2024-02-28,Free,B
507,2024-02-19,Free,B
508,2024-01-04,Free,B
509,2024-01-07,Free,B
510,2024-02-16,Free,A
511,2024-02-07,Free,A
512,2024-01-20,Free,B
513,2024-02-15,Free,A
514,2024-01-25,Free,B
515,2024-02-12,Free,A
516,2024-01-28,Paid,B
517,2024-01-20,Free,A
518,2024-01-22,Free,B
519,2024-01-09,Free,A
520,2024-02-24,Free,A
521,2024-02-04,Free,A
522,2024-02-26,Free,A
523,2024-01-10,Free,A
524,2024-02-14,Free,A
525,2024-01-03,Free,B
526,2024-02-16,Free,A
527,2024-02-09,Free,B
528,2024-02-20,Free,B
529,2024-01-16,Free,B
530,2024-02-20,Free,B
531,2024-01-13,Free,B
532,2024-02-06,Free,B
533,2024-01-19,Free,B
534,2024-01-27,Free,A
535,2024-02-21,Free,A
536,2024-01-04,Free,B
537,2024-02-05,Free,A
538,2024-02-03,Free,A
539,2024-02-18,Free,A
540,2024-02-27,Free,A
541,2024-01-06,Free,A
542,2024-02-26,Free,B
543,2024-01-27,Free,A
544,2024-01-24,Free,A
545,2024-01-06,Free,B
546,2024-01-21,Free,A
547,2024-02-11,Free,B
548,2024-01-09,Free,A
549,2024-02-23,Free,B
550,2024-01-09,Free,B
551,2024-01-01,Paid,A
552,2024-01-14,Free,A
553,2024-02-16,Free,B
554,2024-01-19,Free,A
555,2024-01-04,Free,A
556,2024-02-20,Free,B
557,2024-02-23,Free,B
558,2024-01-02,Free,A
559,2024-01-19,Paid,B
560,2024-01-23,Free,A
561,2024-01-12,Free,A
562,2024-01-24,Free,A
563,2024-02-04,Free,A
564,2024-01-31,Free,A
565,2024-01-24,Free,B
566,2024-01-23,Free,A
567,2024-02-16,Free,A
568,2024-02-17,Free,B
569,2024-01-23,Free,B
570,2024-01-12,Free,B
571,2024-01-31,Free,A
572,2024-01-05,Paid,B
573,2024-01-13,Free,A
574,2024-02-26,Free,A
575,2024-01-20,Free,B
576,2024-02-04,Free,B
577,2024-02-18,Free,A
578,2024-02-25,Free,A
579,2024-01-22,Free,B
580,2024-01-24,Free,B
581,2024-02-17,Free,B
582,2024-01-25,Free,B
583,2024-02-01,Free,B
584,2024-02-21,Free,B
585,2024-02-16,Free,B
586,2024-02-08,Free,A
587,2024-01-21,Free,A
588,2024-02-12,Free,B
589,2024-02-08,Free,B
590,2024-01-29,Free,B
591,2024-02-16,Free,B
592,2024-01-28,Free,B
593,2024-02-20,Free,A
594,2024-02-10,Free,B
595,2024-02-21,Free,A
596,2024-01-10,Paid,B
597,2024-01-05,Free,A
598,2024-01-24,Free,B
599,2024-02-06,Free,A
600,2024-02-13,Free,B
601,2024-01-24,Free,B
602,2024-02-06,Free,A
603,2024-01-26,Free,B
604,2024-01-16,Paid,A
605,2024-01-12,Free,B
606,2024-02-28,Free,A
607,2024-01-17,Free,B
608,2024-02-09,Free,B
609,2024-02-01,Free,A
610,2024-02-24,Free,A
611,2024-02-27,Free,B
612,2024-02-21,Free,B
613,2024-02-15,Free,A
614,2024-01-19,Free,B
615,2024-02-15,Free,A
616,2024-02-02,Free,A
617,2024-01-13,Free,A
618,2024-02-01,Free,A
619,2024-02-06,Free,B
620,2024-02-05,Free,A
621,2024-01-06,Free,A
622,2024-02-15,Free,B
623,2024-02-19,Free,B
624,2024-01-05,Free,A
625,2024-02-11,Free,A
626,2024-02-13,Free,B
627,2024-02-23,Free,A
628,2024-01-09,Free,B
629,2024-02-25,Free,A
630,2024-02-03,Free,A
631,2024-01-11,Free,B
632,2024-01-15,Free,B
633,2024-02-03,Free,B
634,2024-01-17,Free,A
635,2024-02-05,Free,B
636,2024-01-20,Free,A
637,2024-01-11,Free,A
638,2024-02-09,Free,B
639,2024-02-06,Free,A
640,2024-01-02,Paid,A
641,2024-02-11,Free,B
642,2024-02-19,Free,B
643,2024-01-02,Free,B
644,2024-02-04,Free,B
645,2024-01-20,Free,B
646,2024-02-21,Free,B
647,2024-01-05,Free,A
648,2024-01-27,Free,B
649,2024-01-22,Free,A
650,2024-02-15,Free,B
651,2024-02-25,Free,B
652,2024-01-09,Free,B
653,2024-01-07,Free,B
654,2024-01-08,Free,B
655,2024-01-10,Free,A
656,2024-01-25,Free,B
657,2024-02-25,Free,A
658,2024-02-29,Free,B
659,2024-01-11,Free,B
660,2024-01-30,Free,B
661,2024-02-01,Free,A
662,2024-01-26,Free,B
663,2024-01-14,Paid,B
664,2024-01-19,Free,B
665,2024-02-23,Free,B
666,2024-01-01,Free,A
667,2024-02-26,Free,B
668,2024-02-18,Free,B
669,2024-01-26,Free,A
670,2024-01-13,Free,B
671,2024-01-05,Free,B
672,2024-02-18,Free,B
673,2024-02-09,Free,A
674,2024-01-07,Free,B
675,2024-01-22,Free,B
676,2024-01-13,Free,B
677,2024-01-03,Free,A
678,2024-01-22,Free,B
679,2024-01-10,Free,A
680,2024-02-09,Free,B
681,2024-02-09,Free,B
682,2024-02-02,Free,B
683,2024-01-20,Free,B
684,2024-01-24,Free,B
685,2024-01-27,Free,B
686,2024-02-16,Free,A
687,2024-01-17,Free,A
688,2024-02-07,Free,B
689,2024-02-10,Free,B
690,2024-02-13,Paid,A
691,2024-02-14,Free,A
692,2024-01-29,Free,B
693,2024-01-27,Free,A
694,2024-02-19,Free,B
695,2024-02-17,Free,A
696,2024-02-03,Free,A
697,2024-02-12,Free,B
698,2024-01-21,Free,A
699,2024-02-04,Free,B
700,2024-02-13,Free,B
701,2024-01-13,Free,A
702,2024-01-20,Free,A
703,2024-01-20,Free,B
704,2024-02-14,Free,B
705,2024-01-23,Free,B
706,2024-02-06,Free,B
707,2024-01-26,Free,B
708,2024-02-21,Free,A
709,2024-01-19,Free,A
710,2024-01-29,Free,B
711,2024-01-14,Free,A
712,2024-01-18,Free,B
713,2024-02-09,Free,A
714,2024-02-12,Free,A
715,2024-01-04,Free,A
716,2024-02-15,Free,B
717,2024-02-19,Paid,A
718,2024-02-05,Free,A
719,2024-02-29,Free,B
720,2024-01-13,Free,B
721,2024-02-11,Free,A
722,2024-01-06,Free,A
723,2024-02-16,Free,A
724,2024-01-12,Free,B
725,2024-01-12,Free,A
726,2024-01-26,Free,B
727,2024-02-17,Free,B
728,2024-01-01,Free,B
729,2024-01-07,Free,B
730,2024-02-11,Free,B
731,2024-01-09,Free,B
732,2024-02-21,Free,A
733,2024-02-16,Free,B
734,2024-02-15,Paid,A
735,2024-01-22,Free,B
736,2024-02-18,Free,A
737,2024-02-24,Free,B
738,2024-02-02,Free,B
739,2024-02-12,Free,A
740,2024-01-09,Free,B
741,2024-01-16,Free,A
742,2024-01-16,Free,B
743,2024-01-22,Free,B
744,2024-02-06,Free,A
745,2024-01-24,Free,A
746,2024-01-08,Free,B
747,2024-01-26,Free,B
748,2024-02-10,Free,B
749,2024-01-15,Free,A
750,2024-01-31,Free,A
751,2024-02-08,Free,B
752,2024-02-05,Free,B
753,2024-02-21,Free,A
754,2024-02-13,Free,A
755,2024-02-03,Free,B
756,2024-02-06,Free,A
757,2024-02-05,Free,A
758,2024-01-10,Free,A
759,2024-02-03,Free,B
760,2024-01-14,Free,B
761,2024-02-02,Free,B
762,2024-01-30,Free,A
763,2024-01-30,Free,A
764,2024-02-13,Free,B
765,2024-01-26,Free,B
766,2024-02-17,Free,A
767,2024-01-03,Free,B
768,2024-01-05,Free,A
769,2024-01-05,Paid,B
770,2024-01-27,Free,A
771,2024-02-19,Free,B
772,2024-02-27,Free,B
773,2024-02-28,Free,B
774,2024-02-13,Free,A
775,2024-01-23,Free,A
776,2024-02-04,Free,B
777,2024-02-16,Free,A
778,2024-02-18,Free,A
779,2024-01-30,Free,B
780,2024-02-22,Free,A
781,2024-01-23,Free,A
782,2024-02-29,Paid,A
783,2024-02-12,Free,B
784,2024-02-29,Free,A
785,2024-01-05,Free,A
786,2024-01-29,Free,A
787,2024-01-03,Free,B
788,2024-02-04,Free,A
789,2024-02-19,Free,A
790,2024-01-19,Free,A
791,2024-02-16,Free,B
792,2024-02-19,Free,B
793,2024-02-26,Free,A
794,2024-02-03,Free,A
795,2024-01-18,Free,A
796,2024-02-07,Free,A
797,2024-01-28,Paid,B
798,2024-01-23,Free,B
799,2024-01-21,Free,B
800,2024-01-20,Free,B
801,2024-02-04,Free,B
802,2024-01-15,Free,B
803,2024-01-10,Free,B
804,2024-02-05,Free,B
805,2024-02-05,Free,A
806,2024-01-17,Free,A
807,2024-01-06,Free,B
808,2024-01-06,Free,A
809,2024-01-25,Free,A
810,2024-01-13,Free,A
811,2024-02-25,Free,B
812,2024-02-28,Free,A
813,2024-01-13,Free,A
814,2024-02-18,Free,B
815,2024-02-14,Free,A
816,2024-01-16,Free,B
817,2024-01-25,Free,B
818,2024-01-23,Free,B
819,2024-02-02,Free,B
820,2024-02-21,Free,B
821,2024-01-21,Free,A
822,2024-01-27,Free,A
823,2024-01-15,Paid,A
824,2024-02-05,Free,B
825,2024-01-13,Free,B
826,2024-02-06,Free,A
827,2024-02-11,Free,B
828,2024-02-22,Free,B
829,2024-02-11,Free,B
830,2024-02-16,Free,B
831,2024-02-16,Free,B
832,2024-02-26,Free,A
833,2024-02-23,Free,A
834,2024-02-12,Free,A
835,2024-01-27,Free,A
836,2024-01-15,Free,A
837,2024-01-01,Free,A
838,2024-01-24,Free,A
839,2024-02-12,Free,B
840,2024-01-02,Free,A
841,2024-01-27,Paid,A
842,2024-02-16,Free,B
843,2024-01-19,Free,A
844,2024-02-14,Free,B
845,2024-02-28,Free,A
846,2024-01-07,Free,A
847,2024-02-09,Free,B
848,2024-01-18,Free,B
849,2024-01-26,Free,B
850,2024-02-14,Free,A
851,2024-02-22,Free,A
852,2024-02-24,Free,A
853,2024-01-25,Free,B
854,2024-01-04,Free,A
855,2024-01-06,Free,B
856,2024-02-11,Free,B
857,2024-02-24,Free,A
858,2024-02-28,Free,A
859,2024-02-27,Free,B
860,2024-02-29,Free,A
861,2024-01-18,Free,A
862,2024-02-24,Paid,B
863,2024-01-14,Free,A
864,2024-02-15,Free,B
865,2024-01-20,Free,A
866,2024-02-06,Free,B
867,2024-02-04,Free,B
868,2024-02-17,Free,A
869,2024-02-14,Free,A
870,2024-01-23,Free,A
871,2024-01-15,Free,A
872,2024-02-19,Free,B
873,2024-01-21,Free,A
874,2024-02-20,Free,B
875,2024-01-23,Free,B
876,2024-02-13,Free,B
877,2024-02-09,Free,B
878,2024-02-15,Free,A
879,2024-01-10,Free,B
880,2024-02-10,Free,A
881,2024-01-21,Free,B
882,2024-01-01,Free,B
883,2024-02-18,Free,B
884,2024-01-06,Free,A
885,2024-02-05,Free,B
886,2024-01-06,Free,B
887,2024-02-08,Free,B
888,2024-01-01,Free,B
889,2024-02-19,Free,A
890,2024-02-05,Free,A
891,2024-01-11,Free,B
892,2024-01-18,Free,B
893,2024-01-10,Free,A
894,2024-01-18,Free,B
895,2024-02-20,Free,A
896,2024-01-16,Free,B
897,2024-01-13,Free,B
898,2024-01-20,Free,A
899,2024-01-22,Free,B
900,2024-01-22,Free,B
901,2024-02-22,Free,A
902,2024-02-08,Free,A
903,2024-01-12,Free,B
904,2024-01-19,Free,B
905,2024-02-20,Free,A
906,2024-01-18,Free,B
907,2024-02-29,Free,A
908,2024-02-04,Free,A
909,2024-02-05,Free,A
910,2024-01-30,Free,A
911,2024-01-19,Free,A
912,2024-02-20,Free,B
913,2024-01-09,Free,B
914,2024-02-12,Free,A
915,2024-02-20,Free,B
916,2024-02-08,Free,B
917,2024-02-04,Free,B
918,2024-02-20,Free,B
919,2024-02-21,Free,A
920,2024-01-16,Free,B
921,2024-02-09,Free,A
922,2024-02-11,Free,B
923,2024-01-22,Free,B
924,2024-01-07,Free,B
925,2024-02-17,Free,A
926,2024-01-26,Free,B
927,2024-02-07,Free,A
928,2024-01-02,Free,B
929,2024-01-27,Free,A
930,2024-02-16,Free,A
931,2024-01-22,Free,B
932,2024-02-03,Free,B
933,2024-01-07,Free,B
934,2024-01-29,Free,B
935,2024-01-03,Paid,A
936,2024-01-22,Free,A
937,2024-01-11,Free,A
938,2024-02-05,Free,A
939,2024-01-28,Free,B
940,2024-01-26,Free,A
941,2024-02-12,Free,B
942,2024-02-17,Free,A
943,2024-01-28,Paid,B
944,2024-01-14,Free,A
945,2024-02-15,Free,A
946,2024-02-21,Free,A
947,2024-01-13,Free,B
948,2024-02-12,Free,B
949,2024-02-10,Free,B
950,2024-02-09,Free,B
951,2024-01-23,Free,B
952,2024-02-09,Free,A
953,2024-02-15,Free,B
954,2024-02-07,Free,A
955,2024-01-21,Free,A
956,2024-01-08,Free,A
957,2024-01-10,Free,B
958,2024-01-09,Free,B
959,2024-02-01,Free,A
960,2024-02-01,Free,B
961,2024-01-21,Free,B
962,2024-02-25,Free,B
963,2024-02-01,Free,A
964,2024-01-25,Free,B
965,2024-02-01,Free,B
966,2024-01-29,Free,B
967,2024-02-06,Free,A
968,2024-01-15,Paid,B
969,2024-01-15,Free,B
970,2024-01-30,Free,B
971,2024-01-08,Free,A
972,2024-02-04,Free,B
973,2024-02-18,Free,A
974,2024-01-29,Free,A
975,2024-01-07,Free,A
976,2024-01-03,Free,B
977,2024-02-25,Free,A
978,2024-01-08,Free,A
979,2024-02-17,Free,B
980,2024-02-09,Free,B
981,2024-01-09,Free,A
982,2024-02-21,Free,A
983,2024-02-04,Free,B
984,2024-01-11,Free,B
985,2024-01-19,Free,B
986,2024-02-24,Free,A
987,2024-02-18,Free,B
988,2024-01-18,Free,A
989,2024-01-09,Free,A
990,2024-01-21,Free,A
991,2024-02-13,Free,B
992,2024-02-06,Free,B
993,2024-01-25,Free,B
994,2024-02-20,Free,A
995,2024-02-17,Free,B
996,2024-02-26,Free,B
997,2024-02-01,Free,B
998,2024-02-25,Free,A
999,2024-01-30,Free,B
1000,2024-02-20,Free,B
1001,2024-01-28,Free,A
1002,2024-01-21,Free,B
1003,2024-02-06,Free,A
1004,2024-02-01,Free,B
1005,2024-02-18,Paid,A
1006,2024-02-10,Paid,B
1007,2024-02-29,Free,A
1008,2024-01-01,Free,B
1009,2024-02-14,Free,A
1010,2024-01-20,Free,A
1011,2024-02-26,Free,B
1012,2024-01-24,Free,B
1013,2024-02-12,Free,A
1014,2024-02-10,Free,B
1015,2024-02-18,Free,A
1016,2024-01-06,Paid,A
1017,2024-01-31,Free,A
1018,2024-01-15,Paid,B
1019,2024-02-14,Free,B
1020,2024-02-25,Free,B
1021,2024-01-31,Free,A
1022,2024-01-06,Free,A
1023,2024-01-24,Free,B
1024,2024-02-19,Free,A
1025,2024-02-13,Free,A
1026,2024-02-06,Free,A
1027,2024-01-11,Free,B
1028,2024-01-14,Free,A
1029,2024-02-09,Free,B
1030,2024-01-06,Free,A
1031,2024-01-08,Free,B
1032,2024-01-28,Free,B
1033,2024-01-16,Free,B
1034,2024-01-16,Free,B
1035,2024-02-14,Free,A
1036,2024-02-12,Free,B
1037,2024-02-08,Free,A
1038,2024-01-19,Free,A
1039,2024-02-20,Free,A
1040,2024-01-08,Free,A
1041,2024-02-08,Free,A
1042,2024-01-01,Free,B
1043,2024-01-09,Free,B
1044,2024-02-06,Free,B
1045,2024-02-13,Free,A
1046,2024-02-19,Paid,A
1047,2024-01-05,Free,A
1048,2024-01-03,Free,A
1049,2024-01-26,Free,B
1050,2024-02-02,Free,B
1051,2024-01-26,Free,A
1052,2024-02-04,Free,A
1053,2024-01-20,Free,A
1054,2024-01-14,Free,A
1055,2024-01-26,Free,A
1056,2024-01-28,Free,A
1057,2024-01-06,Free,B
1058,2024-02-09,Free,A
1059,2024-02-17,Free,A
1060,2024-02-15,Free,A
1061,2024-01-11,Free,B
1062,2024-02-03,Free,B
1063,2024-01-09,Free,B
1064,2024-01-08,Free,A
1065,2024-01-28,Free,B
1066,2024-01-17,Free,A
1067,2024-02-02,Free,B
1068,2024-02-24,Free,A
1069,2024-01-17,Free,A
1070,2024-02-13,Free,A
1071,2024-02-02,Paid,A
1072,2024-02-25,Free,A
1073,2024-01-31,Free,B
1074,2024-01-10,Free,A
1075,2024-02-24,Free,A
1076,2024-02-28,Free,B
1077,2024-01-16,Free,B
1078,2024-01-21,Free,B
1079,2024-02-06,Free,B
1080,2024-02-13,Free,A
1081,2024-02-21,Free,A
1082,2024-01-05,Free,B
1083,2024-02-19,Free,B
1084,2024-02-05,Paid,B
1085,2024-01-13,Free,B
1086,2024-01-20,Free,A
1087,2024-02-07,Free,B
1088,2024-02-19,Free,A
1089,2024-02-04,Free,A
1090,2024-02-29,Paid,B
1091,2024-02-04,Free,B
1092,2024-02-14,Free,A
1093,2024-01-01,Free,B
1094,2024-02-16,Free,B
1095,2024-02-03,Free,A
1096,2024-01-04,Free,A
1097,2024-01-06,Free,A
1098,2024-02-27,Free,B
1099,2024-01-24,Free,B
1100,2024-01-06,Free,A
1101,2024-02-10,Free,B
1102,2024-02-06,Free,A
1103,2024-01-09,Free,A
1104,2024-02-24,Free,B
1105,2024-01-26,Free,B
1106,2024-01-18,Free,A
1107,2024-01-13,Free,A
1108,2024-02-07,Free,A
1109,2024-01-11,Free,B
1110,2024-01-27,Free,A
1111,2024-02-19,Free,A
1112,2024-01-30,Free,B
1113,2024-01-06,Free,A
1114,2024-01-20,Free,A
1115,2024-02-24,Free,B
1116,2024-02-15,Free,A
1117,2024-01-26,Free,A
1118,2024-01-17,Paid,A
1119,2024-01-26,Free,B
1120,2024-02-05,Free,A
1121,2024-01-07,Free,A
1122,2024-01-04,Free,A
1123,2024-02-22,Free,B
1124,2024-02-10,Free,A
1125,2024-01-17,Paid,A
1126,2024-01-05,Free,A
1127,2024-01-29,Free,A
1128,2024-02-24,Free,B
1129,2024-01-30,Free,A
1130,2024-02-06,Free,B
1131,2024-01-26,Paid,B
1132,2024-02-13,Free,B
1133,2024-01-14,Free,A
1134,2024-01-29,Paid,A
1135,2024-02-09,Free,A
1136,2024-02-01,Free,B
1137,2024-01-31,Free,A
1138,2024-01-25,Free,A
1139,2024-02-11,Free,A
1140,2024-02-21,Free,A
1141,2024-02-20,Free,B
1142,2024-02-20,Free,B
1143,2024-02-06,Free,B
1144,2024-01-12,Free,A
1145,2024-01-15,Free,A
1146,2024-02-19,Free,B
1147,2024-01-31,Free,B
1148,2024-01-15,Free,A
1149,2024-02-12,Free,A
1150,2024-02-22,Free,A
1151,2024-01-15,Free,B
1152,2024-02-23,Free,A
1153,2024-02-07,Free,B
1154,2024-02-14,Free,B
1155,2024-01-02,Free,B
1156,2024-02-06,Free,A
1157,2024-01-13,Free,B
1158,2024-01-12,Paid,B
1159,2024-01-04,Free,A
1160,2024-01-02,Paid,B
1161,2024-02-28,Free,A
1162,2024-01-22,Free,A
1163,2024-02-24,Free,B
1164,2024-01-10,Free,A
1165,2024-02-24,Free,B
1166,2024-01-24,Free,B
1167,2024-01-22,Free,B
1168,2024-01-11,Free,B
1169,2024-02-01,Free,B
1170,2024-02-05,Free,B
1171,2024-02-07,Free,A
1172,2024-02-16,Free,B
1173,2024-02-16,Free,A
1174,2024-02-06,Free,B
1175,2024-02-19,Free,A
1176,2024-01-21,Free,A
1177,2024-01-07,Free,B
1178,2024-02-17,Free,A
1179,2024-01-21,Free,A
1180,2024-01-06,Free,B
1181,2024-01-17,Free,A
1182,2024-01-05,Free,B
1183,2024-01-07,Paid,A
1184,2024-01-29,Free,B
1185,2024-02-26,Free,B
1186,2024-01-25,Free,B
1187,2024-01-07,Free,B
1188,2024-02-06,Free,A
1189,2024-01-05,Free,A
1190,2024-01-21,Free,B
1191,2024-01-05,Free,B
1192,2024-01-25,Free,A
1193,2024-02-05,Free,A
1194,2024-02-09,Free,B
1195,2024-01-28,Free,A
1196,2024-01-28,Free,A
1197,2024-01-22,Free,A
1198,2024-01-27,Free,B
1199,2024-01-20,Free,A
1200,2024-01-26,Free,B
1201,2024-01-24,Free,A
1202,2024-01-19,Free,B
1203,2024-01-02,Free,A
1204,2024-01-19,Free,A
1205,2024-01-08,Free,B
1206,2024-01-31,Free,B
1207,2024-01-17,Free,A
1208,2024-01-25,Free,A
1209,2024-01-25,Free,B
1210,2024-01-03,Free,B
1211,2024-01-17,Free,A
1212,2024-02-06,Free,A
1213,2024-02-14,Free,A
1214,2024-01-23,Free,B
1215,2024-02-07,Free,A
1216,2024-02-23,Free,B
1217,2024-01-27,Free,B
1218,2024-01-16,Free,B
1219,2024-01-26,Free,A
1220,2024-02-27,Free,A
1221,2024-02-18,Free,B
1222,2024-01-11,Free,A
1223,2024-01-09,Free,A
1224,2024-02-13,Free,B
1225,2024-02-22,Free,A
1226,2024-01-17,Free,B
1227,2024-02-28,Free,A
1228,2024-02-05,Free,B
1229,2024-02-24,Free,B
1230,2024-02-28,Free,A
1231,2024-02-09,Free,B
1232,2024-01-10,Free,A
1233,2024-02-07,Free,A
1234,2024-02-06,Free,A
1235,2024-02-25,Free,B
1236,2024-01-17,Free,B
1237,2024-02-06,Paid,B
1238,2024-01-18,Free,B
1239,2024-02-08,Paid,B
1240,2024-02-26,Free,B
1241,2024-01-04,Free,B
1242,2024-02-27,Paid,B
1243,2024-02-22,Free,B
1244,2024-02-23,Free,B
1245,2024-02-13,Free,A
1246,2024-01-15,Free,A
1247,2024-02-17,Free,B
1248,2024-01-21,Free,B
1249,2024-02-08,Free,A
1250,2024-01-14,Free,B
1251,2024-02-18,Free,B
1252,2024-02-02,Free,A
1253,2024-02-15,Free,B
1254,2024-02-24,Free,A
1255,2024-02-26,Free,A
1256,2024-01-16,Free,A
1257,2024-02-28,Free,B
1258,2024-01-18,Free,B
1259,2024-02-02,Free,B
1260,2024-01-08,Free,A
1261,2024-02-01,Free,B
1262,2024-02-25,Free,B
1263,2024-01-23,Free,B
1264,2024-02-27,Free,B
1265,2024-02-14,Free,A
1266,2024-01-25,Free,A
1267,2024-02-06,Free,A
1268,2024-02-11,Free,A
1269,2024-01-18,Free,B
1270,2024-02-25,Free,A
1271,2024-01-09,Free,A
1272,2024-01-01,Free,A
1273,2024-02-21,Free,B
1274,2024-02-15,Free,B
1275,2024-01-25,Free,B
1276,2024-01-14,Free,B
1277,2024-02-03,Free,B
1278,2024-01-01,Free,B
1279,2024-02-08,Free,B
1280,2024-01-07,Free,B
1281,2024-01-18,Free,B
1282,2024-01-17,Free,B
1283,2024-02-03,Free,A
1284,2024-02-21,Free,B
1285,2024-02-13,Free,A
1286,2024-02-11,Free,B
1287,2024-01-17,Free,B
1288,2024-02-17,Free,A
1289,2024-02-06,Free,A
1290,2024-02-15,Free,A
1291,2024-02-10,Free,B
1292,2024-02-12,Free,B
1293,2024-02-24,Free,A
1294,2024-02-26,Free,A
1295,2024-01-31,Free,A
1296,2024-02-16,Free,A
1297,2024-02-27,Free,B
1298,2024-01-15,Free,B
1299,2024-02-25,Free,B
1300,2024-02-26,Free,B
1301,2024-02-07,Free,B
1302,2024-01-08,Free,B
1303,2024-02-10,Free,A
1304,2024-01-13,Free,A
1305,2024-01-25,Free,B
1306,2024-02-25,Free,A
1307,2024-01-13,Free,B
1308,2024-02-06,Free,B
1309,2024-02-25,Free,A
1310,2024-02-01,Free,B
1311,2024-01-12,Free,B
1312,2024-01-01,Free,B
1313,2024-02-18,Free,A
1314,2024-01-11,Free,B
1315,2024-02-19,Free,A
1316,2024-01-28,Free,B
1317,2024-01-31,Paid,B
1318,2024-02-04,Free,A
1319,2024-01-01,Free,B
1320,2024-02-03,Paid,A
1321,2024-01-01,Free,A
1322,2024-02-26,Free,B
1323,2024-01-07,Free,B
1324,2024-01-20,Free,A
1325,2024-01-03,Free,B
1326,2024-01-30,Free,B
1327,2024-02-13,Free,A
1328,2024-02-27,Free,B
1329,2024-01-13,Free,A
1330,2024-02-28,Paid,B
1331,2024-01-15,Free,A
1332,2024-01-02,Free,A
1333,2024-02-15,Free,A
1334,2024-02-10,Free,B
1335,2024-02-09,Free,A
1336,2024-01-04,Free,A
1337,2024-01-02,Free,A
1338,2024-01-27,Free,B
1339,2024-02-05,Free,B
1340,2024-01-10,Free,A
1341,2024-02-10,Free,A
1342,2024-02-12,Free,A
1343,2024-01-18,Free,A
1344,2024-02-27,Free,A
1345,2024-02-09,Free,A
1346,2024-02-20,Free,A
1347,2024-02-08,Free,A
1348,2024-02-23,Free,A
1349,2024-01-27,Free,B
1350,2024-02-05,Free,B
1351,2024-02-14,Free,B
1352,2024-01-01,Free,A
1353,2024-02-28,Free,A
1354,2024-02-12,Free,B
1355,2024-01-06,Free,A
1356,2024-01-07,Free,B
1357,2024-01-30,Free,B
1358,2024-01-04,Free,A
1359,2024-02-25,Free,A
1360,2024-01-24,Free,B
1361,2024-01-08,Free,A
1362,2024-02-26,Paid,A
1363,2024-01-09,Free,A
1364,2024-02-27,Free,B
1365,2024-01-18,Free,A
1366,2024-01-22,Free,A
1367,2024-01-26,Free,B
1368,2024-01-25,Free,B
1369,2024-02-11,Free,A
1370,2024-02-14,Free,A
1371,2024-02-24,Free,A
1372,2024-02-28,Free,B
1373,2024-02-13,Free,B
1374,2024-01-25,Free,B
1375,2024-02-25,Free,A
1376,2024-02-01,Free,A
1377,2024-01-29,Free,A
1378,2024-02-11,Paid,B
1379,2024-02-25,Free,A
1380,2024-02-12,Free,B
1381,2024-02-14,Free,A
1382,2024-02-16,Free,A
1383,2024-02-12,Free,B
1384,2024-02-22,Paid,A
1385,2024-02-29,Free,A
1386,2024-01-31,Free,B
1387,2024-01-05,Free,B
1388,2024-01-22,Free,B
1389,2024-01-15,Free,B
1390,2024-01-16,Free,A
1391,2024-02-21,Free,B
1392,2024-02-01,Free,B
1393,2024-02-01,Free,A
1394,2024-01-27,Free,A
1395,2024-01-01,Free,A
1396,2024-02-09,Free,B
1397,2024-02-05,Free,A
1398,2024-01-30,Free,B
1399,2024-01-04,Free,A
1400,2024-01-22,Free,B
1401,2024-01-24,Free,B
1402,2024-02-18,Paid,A
1403,2024-01-23,Free,B
1404,2024-01-24,Paid,A
1405,2024-01-11,Free,B
1406,2024-02-15,Free,B
1407,2024-02-09,Free,A
1408,2024-02-29,Free,B
1409,2024-02-22,Free,A
1410,2024-01-07,Paid,B
1411,2024-02-10,Free,A
1412,2024-01-29,Free,B
1413,2024-02-02,Free,A
1414,2024-01-01,Free,A
1415,2024-01-28,Free,B
1416,2024-02-19,Free,A
1417,2024-01-12,Free,A
1418,2024-02-12,Free,B
1419,2024-01-25,Free,B
1420,2024-02-28,Free,A
1421,2024-01-22,Free,B
1422,2024-01-09,Free,A
1423,2024-02-14,Free,B
1424,2024-02-05,Free,B
1425,2024-02-29,Free,A
1426,2024-02-09,Free,B
1427,2024-02-28,Free,A
1428,2024-02-11,Free,A
1429,2024-02-14,Free,B
1430,2024-02-18,Free,B
1431,2024-02-07,Free,B
1432,2024-02-27,Free,B
1433,2024-01-28,Free,A
1434,2024-01-02,Free,B
1435,2024-02-12,Free,A
1436,2024-02-18,Free,A
1437,2024-02-13,Free,B
1438,2024-01-04,Free,B
1439,2024-02-04,Free,A
1440,2024-01-29,Free,A
1441,2024-02-13,Free,A
1442,2024-02-05,Free,B
1443,2024-02-20,Free,B
1444,2024-01-04,Free,B
1445,2024-02-20,Free,B
1446,2024-01-04,Free,A
1447,2024-01-13,Free,B
1448,2024-02-28,Free,B
1449,2024-02-04,Free,A
1450,2024-01-13,Free,B
1451,2024-02-13,Free,A
1452,2024-01-12,Free,A
1453,2024-01-28,Free,B
1454,2024-01-09,Free,A
1455,2024-01-17,Free,A
1456,2024-02-15,Paid,A
1457,2024-02-29,Free,B
1458,2024-02-19,Free,B
1459,2024-02-06,Free,B
1460,2024-02-15,Free,B
1461,2024-01-12,Free,A
1462,2024-01-11,Free,B
1463,2024-01-26,Free,A
1464,2024-02-26,Free,A
1465,2024-01-22,Free,B
1466,2024-02-18,Free,B
1467,2024-02-22,Free,A
1468,2024-01-23,Free,B
1469,2024-02-11,Free,A
1470,2024-02-13,Free,B
1471,2024-02-20,Free,A
1472,2024-02-04,Paid,B
1473,2024-02-03,Free,B
1474,2024-02-02,Free,B
1475,2024-01-19,Free,A
1476,2024-01-06,Free,A
1477,2024-02-19,Free,A
1478,2024-01-14,Free,A
1479,2024-01-28,Free,A
1480,2024-02-23,Free,B
1481,2024-01-05,Paid,A
1482,2024-02-15,Paid,B
1483,2024-01-05,Free,A
1484,2024-01-17,Free,A
1485,2024-01-15,Free,B
1486,2024-01-29,Free,B
1487,2024-01-02,Free,B
1488,2024-02-04,Free,A
1489,2024-02-09,Free,A
1490,2024-02-07,Free,A
1491,2024-01-05,Free,B
1492,2024-01-07,Free,B
1493,2024-01-20,Free,A
1494,2024-02-29,Free,B
1495,2024-02-22,Free,A
1496,2024-02-04,Free,A
1497,2024-01-26,Free,B
1498,2024-01-10,Free,B
1499,2024-02-28,Free,B
1500,2024-01-01,Free,A
1501,2024-01-01,Free,B
1502,2024-01-06,Free,B
1503,2024-02-17,Free,B
1504,2024-02-27,Free,A
1505,2024-01-15,Free,B
1506,2024-01-12,Free,A
1507,2024-02-29,Free,B
1508,2024-01-05,Free,B
1509,2024-01-17,Free,A
1510,2024-02-07,Free,B
1511,2024-01-23,Free,A
1512,2024-01-16,Free,A
1513,2024-01-05,Free,A
1514,2024-01-29,Free,B
1515,2024-01-20,Free,A
1516,2024-01-24,Free,B
1517,2024-01-11,Free,A
1518,2024-02-20,Free,A
1519,2024-02-11,Free,B
1520,2024-01-24,Free,A
1521,2024-01-22,Free,B
1522,2024-01-23,Free,B
1523,2024-01-07,Free,A
1524,2024-01-06,Free,B
1525,2024-01-09,Free,A
1526,2024-02-26,Free,A
1527,2024-02-27,Free,A
1528,2024-02-10,Free,A
1529,2024-02-07,Free,B
1530,2024-01-14,Free,A
1531,2024-02-04,Free,B
1532,2024-01-10,Free,B
1533,2024-02-27,Free,B
1534,2024-02-02,Free,A
1535,2024-02-02,Free,A
1536,2024-02-24,Free,A
1537,2024-01-09,Free,B
1538,2024-02-06,Free,A
1539,2024-01-31,Paid,B
1540,2024-02-18,Free,B
1541,2024-01-17,Free,B
1542,2024-02-12,Free,A
1543,2024-02-20,Free,B
1544,2024-02-28,Free,B
1545,2024-01-03,Free,B
1546,2024-02-03,Free,B
1547,2024-01-17,Free,A
1548,2024-01-25,Free,B
1549,2024-02-27,Free,A
1550,2024-01-25,Free,A
1551,2024-01-23,Free,B
1552,2024-01-31,Free,A
1553,2024-01-09,Free,B
1554,2024-01-05,Free,B
1555,2024-01-12,Free,A
1556,2024-02-15,Free,A
1557,2024-01-27,Free,B
1558,2024-01-31,Free,B
1559,2024-02-07,Free,A
1560,2024-01-27,Free,A
1561,2024-01-09,Free,A
1562,2024-02-02,Free,A
1563,2024-01-10,Free,A
1564,2024-02-29,Free,A
1565,2024-01-26,Free,A
1566,2024-02-16,Free,B
1567,2024-01-14,Free,B
1568,2024-01-31,Free,B
1569,2024-02-23,Free,B
1570,2024-02-20,Free,A
1571,2024-02-02,Free,B
1572,2024-02-13,Free,B
1573,2024-02-08,Free,A
1574,2024-01-25,Free,A
1575,2024-01-13,Free,B
1576,2024-02-08,Free,A
1577,2024-02-27,Free,A
1578,2024-02-04,Free,A
1579,2024-02-12,Free,A
1580,2024-02-04,Free,A
1581,2024-02-19,Free,B
1582,2024-01-24,Free,A
1583,2024-01-28,Free,A
1584,2024-01-31,Free,B
1585,2024-02-21,Free,A
1586,2024-01-17,Free,B
1587,2024-02-28,Free,A
1588,2024-02-26,Free,B
1589,2024-01-01,Free,A
1590,2024-01-08,Free,A
1591,2024-01-14,Free,B
1592,2024-01-07,Free,A
1593,2024-02-07,Free,B
1594,2024-02-04,Free,B
1595,2024-02-09,Free,B
1596,2024-01-26,Free,A
1597,2024-02-20,Free,B
1598,2024-02-05,Free,B
1599,2024-01-20,Free,B
1600,2024-01-26,Free,A
1601,2024-02-12,Free,A
1602,2024-01-29,Free,A
1603,2024-02-02,Free,B
1604,2024-02-21,Free,A
1605,2024-02-10,Free,A
1606,2024-02-22,Free,A
1607,2024-02-08,Free,B
1608,2024-01-17,Free,A
1609,2024-02-08,Free,A
1610,2024-02-29,Free,B
1611,2024-02-03,Free,B
1612,2024-02-08,Free,A
1613,2024-02-22,Free,A
1614,2024-01-29,Free,A
1615,2024-02-12,Free,B
1616,2024-02-20,Free,A
1617,2024-02-13,Free,A
1618,2024-02-11,Free,A
1619,2024-01-06,Free,B
1620,2024-01-23,Free,B
1621,2024-01-13,Free,A
1622,2024-01-05,Free,A
1623,2024-02-16,Free,B
1624,2024-02-22,Free,B
1625,2024-01-13,Free,B
1626,2024-02-06,Free,A
1627,2024-01-27,Free,A
1628,2024-02-02,Free,B
1629,2024-01-08,Free,B
1630,2024-02-22,Free,B
1631,2024-01-25,Free,B
1632,2024-02-18,Free,B
1633,2024-01-30,Free,B
1634,2024-02-25,Free,A
1635,2024-01-17,Free,A
1636,2024-02-20,Free,A
1637,2024-01-15,Free,B
1638,2024-01-23,Free,A
1639,2024-01-17,Free,A
1640,2024-01-26,Free,B
1641,2024-02-29,Free,A
1642,2024-01-23,Free,A
1643,2024-01-18,Free,A
1644,2024-02-13,Free,A
1645,2024-01-13,Free,A
1646,2024-02-25,Free,B
1647,2024-01-13,Free,A
1648,2024-01-23,Free,A
1649,2024-01-08,Free,A
1650,2024-02-12,Free,B
1651,2024-02-18,Free,A
1652,2024-01-24,Free,B
1653,2024-02-26,Free,B
1654,2024-02-18,Free,B
1655,2024-02-18,Free,A
1656,2024-02-21,Free,B
1657,2024-02-04,Free,A
1658,2024-01-26,Free,A
1659,2024-01-08,Free,B
1660,2024-01-01,Free,A
1661,2024-01-25,Free,A
1662,2024-02-09,Free,B
1663,2024-01-17,Free,A
1664,2024-02-09,Free,B
1665,2024-02-01,Free,B
1666,2024-02-14,Free,B
1667,2024-01-26,Free,B
1668,2024-02-06,Free,A
1669,2024-02-13,Free,A
1670,2024-02-16,Free,B
1671,2024-02-05,Free,B
1672,2024-01-13,Free,A
1673,2024-02-17,Free,A
1674,2024-01-01,Free,A
1675,2024-01-09,Free,B
1676,2024-01-20,Free,B
1677,2024-02-06,Free,A
1678,2024-02-14,Free,A
1679,2024-02-22,Free,B
1680,2024-02-10,Free,A
1681,2024-01-22,Free,B
1682,2024-02-05,Free,B
1683,2024-01-27,Free,A
1684,2024-02-13,Free,A
1685,2024-02-11,Free,A
1686,2024-01-19,Free,B
1687,2024-02-02,Free,B
1688,2024-01-29,Free,A
1689,2024-01-19,Free,B
1690,2024-01-10,Free,A
1691,2024-02-29,Free,B
1692,2024-02-09,Free,B
1693,2024-01-05,Free,A
1694,2024-01-15,Free,B
1695,2024-01-19,Free,B
1696,2024-01-26,Free,B
1697,2024-02-19,Free,B
1698,2024-02-03,Free,B
1699,2024-01-12,Free,A
1700,2024-01-16,Free,B
1701,2024-02-14,Free,A
1702,2024-01-26,Free,A
1703,2024-02-29,Free,B
1704,2024-01-02,Free,B
1705,2024-01-06,Free,A
1706,2024-01-10,Free,A
1707,2024-02-26,Free,B
1708,2024-01-16,Free,B
1709,2024-01-09,Free,A
1710,2024-01-11,Paid,A
1711,2024-01-23,Free,B
1712,2024-01-30,Free,B
1713,2024-01-09,Free,A
1714,2024-01-30,Free,B
1715,2024-02-10,Free,B
1716,2024-01-31,Free,A
1717,2024-01-29,Free,B
1718,2024-01-17,Free,A
1719,2024-01-01,Free,A
1720,2024-01-31,Free,A
1721,2024-02-01,Free,B
1722,2024-02-19,Free,B
1723,2024-02-08,Free,A
1724,2024-02-05,Free,B
1725,2024-02-26,Free,B
1726,2024-01-11,Free,B
1727,2024-01-15,Free,B
1728,2024-02-10,Free,A
1729,2024-02-21,Free,B
1730,2024-02-17,Free,B
1731,2024-02-24,Free,A
1732,2024-01-19,Free,A
1733,2024-02-09,Free,B
1734,2024-02-09,Free,B
1735,2024-01-02,Paid,A
1736,2024-02-04,Free,A
1737,2024-01-07,Free,B
1738,2024-02-15,Free,B
1739,2024-01-15,Free,A
1740,2024-02-01,Free,A
1741,2024-01-20,Free,B
1742,2024-01-30,Free,A
1743,2024-02-23,Free,A
1744,2024-02-19,Free,B
1745,2024-01-31,Free,A
1746,2024-02-23,Free,B
1747,2024-02-23,Free,A
1748,2024-02-19,Free,A
1749,2024-01-29,Free,A
1750,2024-01-03,Free,A
1751,2024-02-19,Free,A
1752,2024-01-14,Free,B
1753,2024-01-20,Free,B
1754,2024-02-16,Free,A
1755,2024-02-05,Free,A
1756,2024-02-10,Free,B
1757,2024-02-26,Free,A
1758,2024-01-14,Free,A
1759,2024-01-28,Paid,B
1760,2024-02-20,Free,B
1761,2024-01-26,Paid,A
1762,2024-01-03,Free,B
1763,2024-01-10,Free,B
1764,2024-01-16,Free,A
1765,2024-02-13,Free,B
1766,2024-02-18,Free,A
1767,2024-02-11,Free,A
1768,2024-02-20,Free,A
1769,2024-01-15,Free,B
1770,2024-02-20,Free,B
1771,2024-01-29,Paid,A
1772,2024-01-25,Free,B
1773,2024-01-17,Free,A
1774,2024-01-29,Free,B
1775,2024-02-01,Free,A
1776,2024-02-04,Free,B
1777,2024-01-30,Free,B
1778,2024-02-08,Free,A
1779,2024-01-10,Free,B
1780,2024-01-17,Free,B
1781,2024-02-19,Free,B
1782,2024-02-26,Free,A
1783,2024-01-24,Free,A
1784,2024-01-05,Free,B
1785,2024-02-13,Free,B
1786,2024-01-10,Free,B
1787,2024-02-11,Free,B
1788,2024-02-03,Paid,A
1789,2024-01-09,Free,A
1790,2024-01-13,Free,A
1791,2024-01-07,Free,A
1792,2024-02-23,Free,B
1793,2024-02-03,Paid,B
1794,2024-01-15,Paid,A
1795,2024-02-28,Free,A
1796,2024-02-29,Free,A
1797,2024-02-10,Free,A
1798,2024-02-17,Free,B
1799,2024-02-20,Free,A
1800,2024-01-18,Free,A
1801,2024-02-23,Free,B
1802,2024-01-14,Free,A
1803,2024-01-15,Free,B
1804,2024-02-03,Free,A
1805,2024-01-12,Free,B
1806,2024-02-19,Free,B
1807,2024-02-14,Free,B
1808,2024-01-11,Free,A
1809,2024-02-02,Free,B
1810,2024-02-04,Free,B
1811,2024-02-27,Free,B
1812,2024-01-21,Free,B
1813,2024-02-10,Free,B
1814,2024-01-21,Free,A
1815,2024-01-14,Free,B
1816,2024-02-29,Free,B
1817,2024-01-29,Free,B
1818,2024-01-01,Free,A
1819,2024-02-08,Free,A
1820,2024-02-26,Paid,B
1821,2024-01-15,Free,A
1822,2024-01-02,Free,B
1823,2024-02-02,Free,A
1824,2024-01-30,Free,B
1825,2024-01-17,Free,B
1826,2024-01-16,Free,A
1827,2024-01-20,Free,A
1828,2024-02-06,Free,A
1829,2024-02-16,Free,B
1830,2024-01-12,Free,B
1831,2024-02-14,Free,A
1832,2024-01-20,Free,A
1833,2024-02-06,Free,B
1834,2024-01-04,Free,B
1835,2024-02-22,Free,B
1836,2024-02-25,Free,A
1837,2024-01-15,Free,A
1838,2024-02-10,Free,B
1839,2024-02-03,Free,A
1840,2024-02-06,Free,A
1841,2024-02-14,Free,A
1842,2024-02-13,Free,B
1843,2024-02-18,Free,A
1844,2024-01-19,Free,B
1845,2024-01-22,Free,A
1846,2024-02-17,Free,A
1847,2024-01-17,Free,A
1848,2024-01-28,Free,A
1849,2024-01-31,Free,A
1850,2024-02-11,Free,A
1851,2024-02-17,Free,A
1852,2024-01-18,Free,B
1853,2024-02-29,Free,A
1854,2024-01-27,Free,B
1855,2024-01-13,Free,B
1856,2024-02-11,Free,A
1857,2024-01-11,Free,B
1858,2024-02-21,Free,B
1859,2024-01-29,Free,A
1860,2024-01-15,Free,A
1861,2024-01-10,Free,A
1862,2024-01-04,Free,A
1863,2024-02-29,Free,A
1864,2024-02-22,Paid,B
1865,2024-02-14,Free,A
1866,2024-01-31,Free,A
1867,2024-02-17,Free,A
1868,2024-02-03,Free,B
1869,2024-02-09,Free,A
1870,2024-02-12,Free,A
1871,2024-02-27,Free,A
1872,2024-01-04,Free,B
1873,2024-02-14,Free,B
1874,2024-02-11,Free,A
1875,2024-02-12,Free,B
1876,2024-02-28,Free,B
1877,2024-01-02,Free,B
1878,2024-02-11,Free,B
1879,2024-01-25,Free,A
1880,2024-02-01,Free,A
1881,2024-02-02,Free,B
1882,2024-02-15,Paid,A
1883,2024-02-29,Free,B
1884,2024-01-26,Paid,A
1885,2024-02-13,Free,B
1886,2024-01-20,Free,A
1887,2024-02-02,Free,B
1888,2024-02-10,Free,B
1889,2024-02-26,Free,A
1890,2024-01-18,Free,A
1891,2024-02-27,Free,B
1892,2024-01-06,Free,B
1893,2024-02-13,Free,A
1894,2024-02-06,Free,A
1895,2024-01-20,Free,B
1896,2024-01-09,Free,A
1897,2024-02-07,Free,A
1898,2024-01-20,Free,A
1899,2024-02-28,Free,A
1900,2024-02-06,Free,A
1901,2024-02-05,Free,A
1902,2024-02-23,Free,A
1903,2024-02-18,Free,B
1904,2024-01-27,Free,B
1905,2024-02-17,Free,B
1906,2024-01-13,Free,A
1907,2024-01-02,Free,B
1908,2024-02-09,Free,A
1909,2024-01-15,Free,A
1910,2024-02-14,Free,B
1911,2024-02-24,Free,B
1912,2024-01-24,Free,A
1913,2024-02-01,Free,B
1914,2024-01-13,Paid,A
1915,2024-02-18,Free,A
1916,2024-01-27,Free,A
1917,2024-01-13,Free,A
1918,2024-02-29,Free,B
1919,2024-02-01,Free,B
1920,2024-02-26,Free,A
1921,2024-02-19,Free,A
1922,2024-02-22,Free,B
1923,2024-01-26,Free,A
1924,2024-01-29,Free,B
1925,2024-01-03,Free,A
1926,2024-01-26,Free,A
1927,2024-02-03,Free,A
1928,2024-01-29,Free,B
1929,2024-02-19,Free,B
1930,2024-01-28,Free,B
1931,2024-01-04,Free,A
1932,2024-02-11,Free,B
1933,2024-02-02,Free,A
1934,2024-02-07,Free,A
1935,2024-01-21,Paid,B
1936,2024-01-30,Free,A
1937,2024-01-06,Free,B
1938,2024-02-11,Free,A
1939,2024-01-08,Free,A
1940,2024-01-29,Free,B
1941,2024-02-15,Free,B
1942,2024-02-02,Free,A
1943,2024-01-25,Free,A
1944,2024-02-28,Free,B
1945,2024-02-12,Free,A
1946,2024-01-10,Free,A
1947,2024-01-04,Free,B
1948,2024-02-16,Free,B
1949,2024-01-12,Free,A
1950,2024-01-13,Free,A
1951,2024-01-17,Free,A
1952,2024-02-24,Free,B
1953,2024-01-01,Free,B
1954,2024-02-07,Free,B
1955,2024-01-29,Free,A
1956,2024-01-01,Free,A
1957,2024-01-18,Paid,A
1958,2024-01-10,Free,A
1959,2024-01-03,Free,A
1960,2024-02-12,Free,B
1961,2024-01-06,Free,A
1962,2024-01-12,Free,A
1963,2024-02-09,Free,A
1964,2024-02-17,Free,B
1965,2024-01-06,Free,B
1966,2024-02-27,Free,B
1967,2024-02-18,Free,B
1968,2024-01-05,Free,B
1969,2024-01-08,Free,B
1970,2024-01-27,Free,A
1971,2024-02-09,Free,A
1972,2024-02-16,Free,A
1973,2024-02-14,Free,B
1974,2024-02-24,Free,B
1975,2024-02-06,Free,B
1976,2024-02-09,Free,B
1977,2024-02-10,Free,B
1978,2024-01-12,Free,A
1979,2024-01-13,Free,A
1980,2024-01-30,Free,A
1981,2024-01-14,Free,B
1982,2024-01-22,Free,B
1983,2024-02-10,Paid,A
1984,2024-01-13,Free,B
1985,2024-01-05,Free,B
1986,2024-02-05,Free,B
1987,2024-01-08,Free,B
1988,2024-02-16,Free,A
1989,2024-01-13,Free,B
1990,2024-02-29,Free,B
1991,2024-02-21,Free,A
1992,2024-01-31,Free,A
1993,2024-02-27,Free,B
1994,2024-02-22,Free,B
1995,2024-01-04,Free,B
1996,2024-02-13,Free,B
1997,2024-01-02,Free,A
1998,2024-01-22,Free,B
1999,2024-01-10,Free,B
2000,2024-01-22,Free,B
